﻿<?xml version="1.0"?>
<runHistory script="scr_gitHub">
 <run>
  <RunDate>2017-04-24 13:32:40.698 -0400</RunDate>
  <Status>Success</Status>
  <Duration>1.000000</Duration>
  <Errors>0</Errors>
  <Warnings>0</Warnings>
  <Exceptions>0</Exceptions>
  <Successes>1</Successes>
  <LogFile>20170424_133240.698/LogFile.txt</LogFile>
  <ReturnValue></ReturnValue>
  <ErrorMessage></ErrorMessage>
 </run>
 <run>
  <RunDate>2017-04-24 13:32:58.613 -0400</RunDate>
  <Status>Success</Status>
  <Duration>1.000000</Duration>
  <Errors>0</Errors>
  <Warnings>0</Warnings>
  <Exceptions>0</Exceptions>
  <Successes>1</Successes>
  <LogFile>20170424_133258.613/LogFile.txt</LogFile>
  <ReturnValue></ReturnValue>
  <ErrorMessage></ErrorMessage>
 </run>
</runHistory>
